<?xml version="1.0" encoding="utf-8"?>
<!-- # Author      : Weblytic Labs Pvt. Ltd. (<https://store.weblyticlabs.com/>) -->
<!-- # Copyright(c): 2023-Present Weblytic Labs Pvt. Ltd. -->
<odoo>
    <data noupdate="1">
        <record id="ir_cron_invoice_export_email" model="ir.cron">
            <field name="name">Export and Email Invoice CSV</field>
            <field name="model_id" ref="account.model_account_move"/>
            <field name="state">code</field>
            <field name="code">model.export_and_email_invoices_csv()</field>
            <field name="interval_type">days</field>
            <field name="interval_number">1</field>
            <field name="active">True</field>
            <field name="numbercall">-1</field>
        </record>
    </data>
</odoo>
