<?xml version="1.0" encoding="utf-8"?>
<!-- # Author      : Weblytic Labs Pvt. Ltd. (<https://store.weblyticlabs.com/>) -->
<!-- # Copyright(c): 2023-Present Weblytic Labs Pvt. Ltd. -->
<odoo>
    <data noupdate="1">
        <record id="mail_template_Csc_Tax_Report" model="mail.template">
            <field name="name">Monthly CSV TAX REPORTT</field>
            <field name="model_id" ref="wbl_csv_tax_report.model_account_move"/>
            <field name="subject">Monthly CSV TAX REPORT</field>
            <field name="email_from"/>
            <field name="email_to"/>
            <field name="description">Monthly CSV TAX REPORT</field>
            <field name="body_html" type="html">
                <table border="0" cellpadding="0" cellspacing="0"
                       style="padding-top: 16px; background-color: #FFFFFF; font-family:Verdana, Arial,sans-serif; color: #454748; width: 100%; border-collapse:separate;">
                    <tr>
                        <td align="center">
                            <table border="0" cellpadding="0" cellspacing="0" width="590"
                                   style="padding: 16px; background-color: #FFFFFF; color: #454748; border-collapse:separate;">
                                <tbody>
                                    <!-- HEADER -->
                                    <tr>
                                        <td align="center" style="min-width: 590px;">
                                            <table border="0" cellpadding="0" cellspacing="0" width="590"
                                                   style="min-width: 590px; background-color: white; padding: 0px 8px; border-collapse:separate;">
                                                <tr>
                                                    <td valign="middle">
                                                        <span style="font-size: 20px; font-weight: bold;">
                                                            Dear,
                                                        </span>
                                                    </td>
                                                </tr>
                                            </table>
                                        </td>
                                    </tr>
                                    <!-- CONTENT -->
                                    <tr>
                                        <td align="center" style="min-width: 590px;">
                                            <table border="0" cellpadding="0" cellspacing="0" width="590"
                                                   style="min-width: 590px; background-color: white; padding: 0px 8px; border-collapse:separate;">
                                                <tr>
                                                    <td valign="top" style="font-size: 13px;">
                                                        We hope this message finds you well.
                                                        <br/>
                                                        <t t-set="start" t-value="ctx.get('start_date')"/>
                                                        <t t-set="end" t-value="ctx.get('end_date')"/>
                                                        Please find attached your <strong>Monthly CSV Tax Report
                                                    </strong> for the period of
                                                        <strong>
                                                            <t t-esc="start"/>
                                                            to
                                                            <t t-esc="end"/>
                                                        </strong>
                                                        . This report includes a
                                                        comprehensive
                                                        overview of all CSV Tax activities during the month,
                                                        including:
                                                        <br/>
                                                        <br/>
                                                        <ul>
                                                            <li>Customer Invoices</li>
                                                            <li>Credit Notes</li>
                                                            <li>Payments Received</li>
                                                            <li>Other relevant transactions</li>
                                                        </ul>
                                                        <br/>
                                                        The report is provided in CSV format for easy viewing and
                                                        processing.
                                                        <br/>
                                                    </td>
                                                </tr>
                                                <tr>
                                                    <td style="text-align:center;">
                                                        <hr width="100%"
                                                            style="background-color:#CCC; border:none; height:1px; margin: 16px 0;"/>
                                                    </td>
                                                </tr>
                                            </table>
                                        </td>
                                    </tr>
                                    <!-- FOOTER -->
                                    <tr>
                                        <td align="center" style="min-width: 590px;">
                                            <table border="0" cellpadding="0" cellspacing="0" width="590"
                                                   style="min-width: 590px; background-color: white; font-size: 11px; padding: 0px 8px; border-collapse:separate;">
                                                <tr>
                                                    <td valign="middle" align="left">
                                                        <t t-out="object.company_id.name or ''">Your Company</t>
                                                    </td>
                                                </tr>
                                                <tr>
                                                    <td valign="middle" align="left" style="opacity: 0.7;">
                                                        <t t-out="object.company_id.phone or ''">+91-XXXXXXXXXX</t>
                                                        <t t-if="object.company_id.email">
                                                            |
                                                            <a t-att-href="'mailto:%s' % object.company_id.email"
                                                               style="text-decoration:none; color: #454748;">
                                                                <t t-out="object.company_id.email or ''">
                                                                    info@yourcompany.com
                                                                </t>
                                                            </a>
                                                        </t>
                                                        <t t-if="object.company_id.website">
                                                            |
                                                            <a t-att-href="object.company_id.website"
                                                               style="text-decoration:none; color: #454748;">
                                                                <t t-out="object.company_id.website or ''">
                                                                    www.yourcompany.com
                                                                </t>
                                                            </a>
                                                        </t>
                                                    </td>
                                                </tr>
                                            </table>
                                        </td>
                                    </tr>
                                </tbody>
                            </table>
                        </td>
                    </tr>
                    <!-- POWERED BY -->
                    <tr>
                        <td align="center" style="min-width: 590px;">
                            <table border="0" cellpadding="0" cellspacing="0" width="590"
                                   style="min-width: 590px; background-color: #F1F1F1; color: #454748; padding: 8px; border-collapse:separate;">
                                <tr>
                                    <td style="text-align: center; font-size: 13px;">
                                        Powered by
                                        <a target="_blank" href="https://www.odoo.com?utm_source=db&amp;utm_medium=auth"
                                           style="color: #875A7B;">Odoo
                                        </a>
                                    </td>
                                </tr>
                            </table>
                        </td>
                    </tr>
                </table>
            </field>
        </record>
    </data>
</odoo>