<?xml version="1.0" encoding="utf-8"?>
<!-- # Author      : Weblytic Labs Pvt. Ltd. (<https://store.weblyticlabs.com/>) -->
<!-- # Copyright(c): 2023-Present Weblytic Labs Pvt. Ltd. -->
<odoo>
    <data noupdate="1">

        <record id="mail_template_Csc_Tax_Report" model="mail.template">
            <field name="name">Commission Credited</field>
            <field name="model_id" ref="wbl_csv_tax_report.model_account_move"/>
            <field name="subject">MONTEHLY CSV TAX REPORT</field>
            <field name="email_from"/>
            <field name="email_to"/>
            <field name="description">MONTEHLY CSV TAX REPORT</field>
            <field name="body_html" type="html">
                <table border="0" cellpadding="0" cellspacing="0"
                       style="padding-top: 16px; background-color: #FFFFFF; font-family:Verdana, Arial,sans-serif; color: #454748; width: 100%; border-collapse:separate;">
                    <tr>
                        <td align="center">
                            <table border="0" cellpadding="0" cellspacing="0" width="590"
                                   style="padding: 16px; background-color: #FFFFFF; color: #454748; border-collapse:separate;">
                                <tbody>
                                    <!-- HEADER -->
                                    <tr>
                                        <td align="center" style="min-width: 590px;">
                                            <table border="0" cellpadding="0" cellspacing="0" width="590"
                                                   style="min-width: 590px; background-color: white; padding: 0px 8px 0px 0px; border-collapse:separate;">
                                                <tr>
                                                    <td valign="middle">
                                                        <span style="font-size: 20px; font-weight: bold;">
                                                            Dear
                                                            <t t-out="(object.employee_name.name + ',') or ''">Marc
                                                                Demo,
                                                            </t>
                                                        </span>
                                                    </td>
                                                </tr>
                                            </table>
                                        </td>
                                    </tr>
                                    <!-- CONTENT -->
                                    <tr>
                                        <td valign="top" style="font-size: 13px;">
                                            <div>
                                                <br/>
                                                Greeting! A new commission of
                                                <strong>
                                                    <t t-esc="object.currency_id.symbol"/>
                                                    <t t-esc="object.commission_amount"/>
                                                </strong>
                                                has been credited to your account for your recent sales.
                                                <br/>
                                                <br/>
                                                Credit Amount:
                                                <strong>
                                                    <t t-esc="object.currency_id.symbol"/>
                                                    <t t-esc="object.commission_amount"/>
                                                </strong>
                                                <br/>
                                                Order Ref:
                                                <strong>
                                                    <t t-esc="object.pos_order_name or ''"/>
                                                </strong>
                                                <br/>
                                                Total Amount:
                                                <strong>
                                                    <t t-esc="object.env['employees.commission'].get_user_available_commission()"/>
                                                </strong>
                                                <br/>
                                                <br/>
                                                Keep up the great work!
                                                <br/>
                                                Regards
                                                <br/>
                                            </div>
                                        </td>
                                    </tr>
                                    <!-- FOOTER -->
                                    <tr>
                                        <td align="center" style="min-width: 590px;">
                                            <table border="0" cellpadding="0" cellspacing="0" width="590"
                                                   style="min-width: 590px; background-color: white; font-size: 11px; padding: 0px 8px 0px 0px; border-collapse:separate;">
                                                <tr>
                                                    <td valign="middle" align="left">
                                                        <t t-out="object.employee_name.company_id.name or ''">
                                                            YourCompany
                                                        </t>
                                                    </td>
                                                </tr>
                                                <tr>
                                                    <td valign="middle" align="left" style="opacity: 0.7;">
                                                        <t t-out="object.employee_name.company_id.phone or ''">+1
                                                            650-123-4567
                                                        </t>
                                                        <t t-if="object.employee_name.company_id.email">
                                                            |
                                                            <a t-attf-href="'mailto:%s' % {{ object.employee_name.company_id.email }}"
                                                               style="text-decoration:none; color: #454748;">
                                                                <t t-out="object.employee_name.company_id.email or ''">
                                                                    info@yourcompany.com
                                                                </t>
                                                            </a>
                                                        </t>
                                                        <t t-if="object.employee_name.company_id.website">
                                                            |
                                                            <a t-attf-href="'%s' % {{ object.employee_name.company_id.website }}"
                                                               style="text-decoration:none; color: #454748;">
                                                                <t t-out="object.employee_name.company_id.website or ''">
                                                                    http://www.example.com
                                                                </t>
                                                            </a>
                                                        </t>
                                                    </td>
                                                </tr>
                                            </table>
                                        </td>
                                    </tr>
                                </tbody>
                            </table>
                        </td>
                    </tr>
                    <!-- POWERED BY -->
                    <tr>
                        <td align="center" style="min-width: 590px;">
                            <table border="0" cellpadding="0" cellspacing="0" width="590"
                                   style="min-width: 590px; background-color: #F1F1F1; color: #454748; padding: 8px; border-collapse:separate;">
                                <tr>
                                    <td style="text-align: center; font-size: 13px;">
                                        Powered by
                                        <a target="_blank" href="https://www.odoo.com?utm_source=db&amp;utm_medium=auth"
                                           style="color: #875A7B;">Odoo
                                        </a>
                                    </td>
                                </tr>
                            </table>
                        </td>
                    </tr>
                </table>
            </field>
        </record>
    </data>
</odoo>